subject,rank,observed_frequency,fitted_frequency,model,fit_input
zlib,1.0,673.0,706.0178585511146,Zipf-Mandelbrot (coverage-frequency),incidence_sum_axis1
zlib,2.0,673.0,705.609719692149,Zipf-Mandelbrot (coverage-frequency),incidence_sum_axis1
zlib,3.0,673.0,705.205795237286,Zipf-Mandelbrot (coverage-frequency),incidence_sum_axis1
zlib,4.0,673.0,704.8060013807511,Zipf-Mandelbrot (coverage-frequency),incidence_sum_axis1
zlib,5.0,673.0,704.4102567691307,Zipf-Mandelbrot (coverage-frequency),incidence_sum_axis1
zlib,6.0,673.0,704.0184824070496,Zipf-Mandelbrot (coverage-frequency),incidence_sum_axis1
zlib,7.0,673.0,703.6306015673285,Zipf-Mandelbrot (coverage-frequency),incidence_sum_axis1
zlib,8.0,673.0,703.2465397053679,Zipf-Mandelbrot (coverage-frequency),incidence_sum_axis1
zlib,9.0,673.0,702.8662243775227,Zipf-Mandelbrot (coverage-frequency),incidence_sum_axis1
zlib,10.0,673.0,702.4895851632482,Zipf-Mandelbrot (coverage-frequency),incidence_sum_axis1
zlib,11.0,673.0,702.1165535908065,Zipf-Mandelbrot (coverage-frequency),incidence_sum_axis1
zlib,12.0,673.0,701.7470630663465,Zipf-Mandelbrot (coverage-frequency),incidence_sum_axis1
zlib,13.0,673.0,701.3810488061697,Zipf-Mandelbrot (coverage-frequency),incidence_sum_axis1
zlib,14.0,673.0,701.0184477720145,Zipf-Mandelbrot (coverage-frequency),incidence_sum_axis1
zlib,15.0,673.0,700.6591986092001,Zipf-Mandelbrot (coverage-frequency),incidence_sum_axis1
zlib,16.0,673.0,700.303241587478,Zipf-Mandelbrot (coverage-frequency),incidence_sum_axis1
zlib,17.0,673.0,699.9505185444524,Zipf-Mandelbrot (coverage-frequency),incidence_sum_axis1
zlib,18.0,673.0,699.600972831434,Zipf-Mandelbrot (coverage-frequency),incidence_sum_axis1
zlib,19.0,673.0,699.254549261607,Zipf-Mandelbrot (coverage-frequency),incidence_sum_axis1
zlib,20.0,673.0,698.9111940603889,Zipf-Mandelbrot (coverage-frequency),incidence_sum_axis1
zlib,21.0,673.0,698.5708548178734,Zipf-Mandelbrot (coverage-frequency),incidence_sum_axis1
zlib,22.0,673.0,698.2334804432535,Zipf-Mandelbrot (coverage-frequency),incidence_sum_axis1
zlib,23.0,673.0,697.8990211211258,Zipf-Mandelbrot (coverage-frequency),incidence_sum_axis1
zlib,24.0,673.0,697.5674282695853,Zipf-Mandelbrot (coverage-frequency),incidence_sum_axis1
zlib,25.0,673.0,697.2386545000215,Zipf-Mandelbrot (coverage-frequency),incidence_sum_axis1
zlib,26.0,673.0,696.9126535785349,Zipf-Mandelbrot (coverage-frequency),incidence_sum_axis1
zlib,27.0,673.0,696.5893803888965,Zipf-Mandelbrot (coverage-frequency),incidence_sum_axis1
zlib,28.0,673.0,696.2687908969764,Zipf-Mandelbrot (coverage-frequency),incidence_sum_axis1
zlib,29.0,673.0,695.9508421165726,Zipf-Mandelbrot (coverage-frequency),incidence_sum_axis1
zlib,30.0,673.0,695.6354920765741,Zipf-Mandelbrot (coverage-frequency),incidence_sum_axis1
zlib,31.0,673.0,695.3226997893972,Zipf-Mandelbrot (coverage-frequency),incidence_sum_axis1
zlib,32.0,673.0,695.0124252206344,Zipf-Mandelbrot (coverage-frequency),incidence_sum_axis1
zlib,33.0,673.0,694.7046292598645,Zipf-Mandelbrot (coverage-frequency),incidence_sum_axis1
zlib,34.0,673.0,694.3992736925653,Zipf-Mandelbrot (coverage-frequency),incidence_sum_axis1
zlib,35.0,673.0,694.096321173085,Zipf-Mandelbrot (coverage-frequency),incidence_sum_axis1
zlib,36.0,673.0,693.7957351986215,Zipf-Mandelbrot (coverage-frequency),incidence_sum_axis1
zlib,37.0,673.0,693.4974800841659,Zipf-Mandelbrot (coverage-frequency),incidence_sum_axis1
zlib,38.0,673.0,693.2015209383674,Zipf-Mandelbrot (coverage-frequency),incidence_sum_axis1
zlib,39.0,673.0,692.9078236402803,Zipf-Mandelbrot (coverage-frequency),incidence_sum_axis1
zlib,40.0,673.0,692.6163548169537,Zipf-Mandelbrot (coverage-frequency),incidence_sum_axis1
zlib,41.0,673.0,692.3270818218274,Zipf-Mandelbrot (coverage-frequency),incidence_sum_axis1
zlib,42.0,673.0,692.0399727139007,Zipf-Mandelbrot (coverage-frequency),incidence_sum_axis1
zlib,43.0,673.0,691.7549962376407,Zipf-Mandelbrot (coverage-frequency),incidence_sum_axis1
zlib,44.0,673.0,691.4721218035979,Zipf-Mandelbrot (coverage-frequency),incidence_sum_axis1
zlib,45.0,673.0,691.1913194697012,Zipf-Mandelbrot (coverage-frequency),incidence_sum_axis1
zlib,46.0,673.0,690.9125599232023,Zipf-Mandelbrot (coverage-frequency),incidence_sum_axis1
zlib,47.0,673.0,690.6358144632443,Zipf-Mandelbrot (coverage-frequency),incidence_sum_axis1
zlib,48.0,673.0,690.3610549840274,Zipf-Mandelbrot (coverage-frequency),incidence_sum_axis1
zlib,49.0,673.0,690.0882539585482,Zipf-Mandelbrot (coverage-frequency),incidence_sum_axis1
zlib,50.0,673.0,689.8173844228888,Zipf-Mandelbrot (coverage-frequency),incidence_sum_axis1
zlib,51.0,673.0,689.5484199610346,Zipf-Mandelbrot (coverage-frequency),incidence_sum_axis1
zlib,52.0,673.0,689.2813346901984,Zipf-Mandelbrot (coverage-frequency),incidence_sum_axis1
zlib,53.0,673.0,689.0161032466309,Zipf-Mandelbrot (coverage-frequency),incidence_sum_axis1
zlib,54.0,673.0,688.7527007719002,Zipf-Mandelbrot (coverage-frequency),incidence_sum_axis1
zlib,55.0,673.0,688.4911028996185,Zipf-Mandelbrot (coverage-frequency),incidence_sum_axis1
zlib,56.0,673.0,688.2312857426019,Zipf-Mandelbrot (coverage-frequency),incidence_sum_axis1
zlib,57.0,673.0,687.9732258804452,Zipf-Mandelbrot (coverage-frequency),incidence_sum_axis1
zlib,58.0,673.0,687.7169003474944,Zipf-Mandelbrot (coverage-frequency),incidence_sum_axis1
zlib,59.0,673.0,687.4622866212046,Zipf-Mandelbrot (coverage-frequency),incidence_sum_axis1
zlib,60.0,673.0,687.2093626108665,Zipf-Mandelbrot (coverage-frequency),incidence_sum_axis1
zlib,61.0,673.0,686.9581066466873,Zipf-Mandelbrot (coverage-frequency),incidence_sum_axis1
zlib,62.0,673.0,686.708497469215,Zipf-Mandelbrot (coverage-frequency),incidence_sum_axis1
zlib,63.0,673.0,686.4605142190908,Zipf-Mandelbrot (coverage-frequency),incidence_sum_axis1
zlib,64.0,673.0,686.2141364271191,Zipf-Mandelbrot (coverage-frequency),incidence_sum_axis1
zlib,65.0,673.0,685.9693440046428,Zipf-Mandelbrot (coverage-frequency),incidence_sum_axis1
zlib,66.0,673.0,685.7261172342122,Zipf-Mandelbrot (coverage-frequency),incidence_sum_axis1
zlib,67.0,673.0,685.4844367605376,Zipf-Mandelbrot (coverage-frequency),incidence_sum_axis1
zlib,68.0,673.0,685.2442835817155,Zipf-Mandelbrot (coverage-frequency),incidence_sum_axis1
zlib,69.0,673.0,685.0056390407184,Zipf-Mandelbrot (coverage-frequency),incidence_sum_axis1
zlib,70.0,673.0,684.7684848171366,Zipf-Mandelbrot (coverage-frequency),incidence_sum_axis1
zlib,71.0,673.0,684.5328029191679,Zipf-Mandelbrot (coverage-frequency),incidence_sum_axis1
zlib,72.0,673.0,684.2985756758413,Zipf-Mandelbrot (coverage-frequency),incidence_sum_axis1
zlib,73.0,673.0,684.0657857294694,Zipf-Mandelbrot (coverage-frequency),incidence_sum_axis1
zlib,74.0,673.0,683.8344160283211,Zipf-Mandelbrot (coverage-frequency),incidence_sum_axis1
zlib,75.0,673.0,683.6044498195065,Zipf-Mandelbrot (coverage-frequency),incidence_sum_axis1
zlib,76.0,673.0,683.3758706420667,Zipf-Mandelbrot (coverage-frequency),incidence_sum_axis1
zlib,77.0,673.0,683.148662320262,Zipf-Mandelbrot (coverage-frequency),incidence_sum_axis1
zlib,78.0,673.0,682.9228089570506,Zipf-Mandelbrot (coverage-frequency),incidence_sum_axis1
zlib,79.0,673.0,682.6982949277532,Zipf-Mandelbrot (coverage-frequency),incidence_sum_axis1
zlib,80.0,673.0,682.4751048738949,Zipf-Mandelbrot (coverage-frequency),incidence_sum_axis1
zlib,81.0,673.0,682.253223697221,Zipf-Mandelbrot (coverage-frequency),incidence_sum_axis1
zlib,82.0,673.0,682.0326365538782,Zipf-Mandelbrot (coverage-frequency),incidence_sum_axis1
zlib,83.0,673.0,681.8133288487578,Zipf-Mandelbrot (coverage-frequency),incidence_sum_axis1
zlib,84.0,673.0,681.5952862299955,Zipf-Mandelbrot (coverage-frequency),incidence_sum_axis1
zlib,85.0,673.0,681.3784945836197,Zipf-Mandelbrot (coverage-frequency),incidence_sum_axis1
zlib,86.0,673.0,681.1629400283489,Zipf-Mandelbrot (coverage-frequency),incidence_sum_axis1
zlib,87.0,673.0,680.9486089105271,Zipf-Mandelbrot (coverage-frequency),incidence_sum_axis1
zlib,88.0,673.0,680.7354877991987,Zipf-Mandelbrot (coverage-frequency),incidence_sum_axis1
zlib,89.0,673.0,680.5235634813124,Zipf-Mandelbrot (coverage-frequency),incidence_sum_axis1
zlib,90.0,673.0,680.3128229570566,Zipf-Mandelbrot (coverage-frequency),incidence_sum_axis1
zlib,91.0,673.0,680.1032534353155,Zipf-Mandelbrot (coverage-frequency),incidence_sum_axis1
zlib,92.0,673.0,679.8948423292471,Zipf-Mandelbrot (coverage-frequency),incidence_sum_axis1
zlib,93.0,673.0,679.6875772519772,Zipf-Mandelbrot (coverage-frequency),incidence_sum_axis1
zlib,94.0,673.0,679.4814460124052,Zipf-Mandelbrot (coverage-frequency),incidence_sum_axis1
zlib,95.0,673.0,679.2764366111193,Zipf-Mandelbrot (coverage-frequency),incidence_sum_axis1
zlib,96.0,673.0,679.0725372364179,Zipf-Mandelbrot (coverage-frequency),incidence_sum_axis1
zlib,97.0,673.0,678.869736260433,Zipf-Mandelbrot (coverage-frequency),incidence_sum_axis1
zlib,98.0,673.0,678.6680222353522,Zipf-Mandelbrot (coverage-frequency),incidence_sum_axis1
zlib,99.0,673.0,678.4673838897386,Zipf-Mandelbrot (coverage-frequency),incidence_sum_axis1
zlib,100.0,673.0,678.2678101249422,Zipf-Mandelbrot (coverage-frequency),incidence_sum_axis1
zlib,101.0,673.0,678.0692900116035,Zipf-Mandelbrot (coverage-frequency),incidence_sum_axis1
zlib,102.0,673.0,677.8718127862433,Zipf-Mandelbrot (coverage-frequency),incidence_sum_axis1
zlib,103.0,673.0,677.6753678479386,Zipf-Mandelbrot (coverage-frequency),incidence_sum_axis1
zlib,104.0,673.0,677.4799447550814,Zipf-Mandelbrot (coverage-frequency),incidence_sum_axis1
zlib,105.0,673.0,677.2855332222167,Zipf-Mandelbrot (coverage-frequency),incidence_sum_axis1
zlib,106.0,673.0,677.0921231169593,Zipf-Mandelbrot (coverage-frequency),incidence_sum_axis1
zlib,107.0,673.0,676.899704456985,Zipf-Mandelbrot (coverage-frequency),incidence_sum_axis1
zlib,108.0,673.0,676.7082674070963,Zipf-Mandelbrot (coverage-frequency),incidence_sum_axis1
zlib,109.0,673.0,676.5178022763588,Zipf-Mandelbrot (coverage-frequency),incidence_sum_axis1
zlib,110.0,673.0,676.3282995153066,Zipf-Mandelbrot (coverage-frequency),incidence_sum_axis1
zlib,111.0,673.0,676.1397497132149,Zipf-Mandelbrot (coverage-frequency),incidence_sum_axis1
zlib,112.0,673.0,675.9521435954377,Zipf-Mandelbrot (coverage-frequency),incidence_sum_axis1
zlib,113.0,673.0,675.7654720208101,Zipf-Mandelbrot (coverage-frequency),incidence_sum_axis1
zlib,114.0,673.0,675.5797259791095,Zipf-Mandelbrot (coverage-frequency),incidence_sum_axis1
zlib,115.0,673.0,675.3948965885796,Zipf-Mandelbrot (coverage-frequency),incidence_sum_axis1
zlib,116.0,673.0,675.2109750935107,Zipf-Mandelbrot (coverage-frequency),incidence_sum_axis1
zlib,117.0,673.0,675.0279528618768,Zipf-Mandelbrot (coverage-frequency),incidence_sum_axis1
zlib,118.0,673.0,674.8458213830284,Zipf-Mandelbrot (coverage-frequency),incidence_sum_axis1
zlib,119.0,673.0,674.6645722654376,Zipf-Mandelbrot (coverage-frequency),incidence_sum_axis1
zlib,120.0,673.0,674.4841972344966,Zipf-Mandelbrot (coverage-frequency),incidence_sum_axis1
zlib,121.0,673.0,674.3046881303646,Zipf-Mandelbrot (coverage-frequency),incidence_sum_axis1
zlib,122.0,673.0,674.1260369058664,Zipf-Mandelbrot (coverage-frequency),incidence_sum_axis1
zlib,123.0,673.0,673.9482356244363,Zipf-Mandelbrot (coverage-frequency),incidence_sum_axis1
zlib,124.0,673.0,673.7712764581108,Zipf-Mandelbrot (coverage-frequency),incidence_sum_axis1
zlib,125.0,673.0,673.5951516855648,Zipf-Mandelbrot (coverage-frequency),incidence_sum_axis1
zlib,126.0,673.0,673.4198536901926,Zipf-Mandelbrot (coverage-frequency),incidence_sum_axis1
zlib,127.0,673.0,673.2453749582317,Zipf-Mandelbrot (coverage-frequency),incidence_sum_axis1
zlib,128.0,673.0,673.0717080769281,Zipf-Mandelbrot (coverage-frequency),incidence_sum_axis1
zlib,129.0,673.0,672.8988457327428,Zipf-Mandelbrot (coverage-frequency),incidence_sum_axis1
zlib,130.0,673.0,672.7267807095967,Zipf-Mandelbrot (coverage-frequency),incidence_sum_axis1
zlib,131.0,673.0,672.5555058871557,Zipf-Mandelbrot (coverage-frequency),incidence_sum_axis1
zlib,132.0,673.0,672.3850142391511,Zipf-Mandelbrot (coverage-frequency),incidence_sum_axis1
zlib,133.0,673.0,672.2152988317386,Zipf-Mandelbrot (coverage-frequency),incidence_sum_axis1
zlib,134.0,673.0,672.0463528218918,Zipf-Mandelbrot (coverage-frequency),incidence_sum_axis1
zlib,135.0,673.0,671.8781694558301,Zipf-Mandelbrot (coverage-frequency),incidence_sum_axis1
zlib,136.0,673.0,671.7107420674814,Zipf-Mandelbrot (coverage-frequency),incidence_sum_axis1
zlib,137.0,673.0,671.5440640769767,Zipf-Mandelbrot (coverage-frequency),incidence_sum_axis1
zlib,138.0,673.0,671.3781289891772,Zipf-Mandelbrot (coverage-frequency),incidence_sum_axis1
zlib,139.0,673.0,671.2129303922324,Zipf-Mandelbrot (coverage-frequency),incidence_sum_axis1
zlib,140.0,673.0,671.048461956169,Zipf-Mandelbrot (coverage-frequency),incidence_sum_axis1
zlib,141.0,673.0,670.8847174315098,Zipf-Mandelbrot (coverage-frequency),incidence_sum_axis1
zlib,142.0,673.0,670.7216906479196,Zipf-Mandelbrot (coverage-frequency),incidence_sum_axis1
zlib,143.0,673.0,670.5593755128822,Zipf-Mandelbrot (coverage-frequency),incidence_sum_axis1
zlib,144.0,673.0,670.3977660104032,Zipf-Mandelbrot (coverage-frequency),incidence_sum_axis1
zlib,145.0,673.0,670.2368561997387,Zipf-Mandelbrot (coverage-frequency),incidence_sum_axis1
zlib,146.0,673.0,670.076640214153,Zipf-Mandelbrot (coverage-frequency),incidence_sum_axis1
zlib,147.0,673.0,669.9171122596995,Zipf-Mandelbrot (coverage-frequency),incidence_sum_axis1
zlib,148.0,673.0,669.7582666140264,Zipf-Mandelbrot (coverage-frequency),incidence_sum_axis1
zlib,149.0,673.0,669.600097625209,Zipf-Mandelbrot (coverage-frequency),incidence_sum_axis1
zlib,150.0,673.0,669.4425997106025,Zipf-Mandelbrot (coverage-frequency),incidence_sum_axis1
zlib,151.0,673.0,669.2857673557216,Zipf-Mandelbrot (coverage-frequency),incidence_sum_axis1
zlib,152.0,673.0,669.1295951131386,Zipf-Mandelbrot (coverage-frequency),incidence_sum_axis1
zlib,153.0,673.0,668.9740776014072,Zipf-Mandelbrot (coverage-frequency),incidence_sum_axis1
zlib,154.0,673.0,668.8192095040052,Zipf-Mandelbrot (coverage-frequency),incidence_sum_axis1
zlib,155.0,673.0,668.6649855683002,Zipf-Mandelbrot (coverage-frequency),incidence_sum_axis1
zlib,156.0,673.0,668.5114006045335,Zipf-Mandelbrot (coverage-frequency),incidence_sum_axis1
zlib,157.0,673.0,668.3584494848266,Zipf-Mandelbrot (coverage-frequency),incidence_sum_axis1
zlib,158.0,673.0,668.2061271422052,Zipf-Mandelbrot (coverage-frequency),incidence_sum_axis1
zlib,159.0,673.0,668.0544285696435,Zipf-Mandelbrot (coverage-frequency),incidence_sum_axis1
zlib,160.0,673.0,667.9033488191262,Zipf-Mandelbrot (coverage-frequency),incidence_sum_axis1
zlib,161.0,673.0,667.7528830007295,Zipf-Mandelbrot (coverage-frequency),incidence_sum_axis1
zlib,162.0,673.0,667.6030262817198,Zipf-Mandelbrot (coverage-frequency),incidence_sum_axis1
zlib,163.0,673.0,667.453773885669,Zipf-Mandelbrot (coverage-frequency),incidence_sum_axis1
zlib,164.0,673.0,667.3051210915874,Zipf-Mandelbrot (coverage-frequency),incidence_sum_axis1
zlib,165.0,673.0,667.1570632330736,Zipf-Mandelbrot (coverage-frequency),incidence_sum_axis1
zlib,166.0,673.0,667.0095956974797,Zipf-Mandelbrot (coverage-frequency),incidence_sum_axis1
zlib,167.0,673.0,666.8627139250926,Zipf-Mandelbrot (coverage-frequency),incidence_sum_axis1
zlib,168.0,673.0,666.7164134083315,Zipf-Mandelbrot (coverage-frequency),incidence_sum_axis1
zlib,169.0,673.0,666.5706896909592,Zipf-Mandelbrot (coverage-frequency),incidence_sum_axis1
zlib,170.0,673.0,666.4255383673095,Zipf-Mandelbrot (coverage-frequency),incidence_sum_axis1
zlib,171.0,673.0,666.2809550815284,Zipf-Mandelbrot (coverage-frequency),incidence_sum_axis1
zlib,172.0,673.0,666.1369355268292,Zipf-Mandelbrot (coverage-frequency),incidence_sum_axis1
zlib,173.0,673.0,665.9934754447622,Zipf-Mandelbrot (coverage-frequency),incidence_sum_axis1
zlib,174.0,673.0,665.850570624497,Zipf-Mandelbrot (coverage-frequency),incidence_sum_axis1
zlib,175.0,673.0,665.7082169021189,Zipf-Mandelbrot (coverage-frequency),incidence_sum_axis1
zlib,176.0,673.0,665.5664101599376,Zipf-Mandelbrot (coverage-frequency),incidence_sum_axis1
zlib,177.0,673.0,665.4251463258088,Zipf-Mandelbrot (coverage-frequency),incidence_sum_axis1
zlib,178.0,673.0,665.2844213724682,Zipf-Mandelbrot (coverage-frequency),incidence_sum_axis1
zlib,179.0,673.0,665.1442313168768,Zipf-Mandelbrot (coverage-frequency),incidence_sum_axis1
zlib,180.0,673.0,665.0045722195804,Zipf-Mandelbrot (coverage-frequency),incidence_sum_axis1
zlib,181.0,673.0,664.8654401840771,Zipf-Mandelbrot (coverage-frequency),incidence_sum_axis1
zlib,182.0,673.0,664.7268313561993,Zipf-Mandelbrot (coverage-frequency),incidence_sum_axis1
zlib,183.0,673.0,664.5887419235054,Zipf-Mandelbrot (coverage-frequency),incidence_sum_axis1
zlib,184.0,673.0,664.4511681146815,Zipf-Mandelbrot (coverage-frequency),incidence_sum_axis1
zlib,185.0,673.0,664.3141061989566,Zipf-Mandelbrot (coverage-frequency),incidence_sum_axis1
zlib,186.0,673.0,664.1775524855242,Zipf-Mandelbrot (coverage-frequency),incidence_sum_axis1
zlib,187.0,673.0,664.0415033229777,Zipf-Mandelbrot (coverage-frequency),incidence_sum_axis1
zlib,188.0,673.0,663.905955098754,Zipf-Mandelbrot (coverage-frequency),incidence_sum_axis1
zlib,189.0,673.0,663.7709042385864,Zipf-Mandelbrot (coverage-frequency),incidence_sum_axis1
zlib,190.0,673.0,663.636347205968,Zipf-Mandelbrot (coverage-frequency),incidence_sum_axis1
zlib,191.0,673.0,663.5022805016251,Zipf-Mandelbrot (coverage-frequency),incidence_sum_axis1
zlib,192.0,673.0,663.3687006629976,Zipf-Mandelbrot (coverage-frequency),incidence_sum_axis1
zlib,193.0,673.0,663.23560426373,Zipf-Mandelbrot (coverage-frequency),incidence_sum_axis1
zlib,194.0,673.0,663.1029879131713,Zipf-Mandelbrot (coverage-frequency),incidence_sum_axis1
zlib,195.0,673.0,662.9708482558824,Zipf-Mandelbrot (coverage-frequency),incidence_sum_axis1
zlib,196.0,673.0,662.8391819711528,Zipf-Mandelbrot (coverage-frequency),incidence_sum_axis1
zlib,197.0,673.0,662.7079857725251,Zipf-Mandelbrot (coverage-frequency),incidence_sum_axis1
zlib,198.0,673.0,662.5772564073278,Zipf-Mandelbrot (coverage-frequency),incidence_sum_axis1
zlib,199.0,673.0,662.4469906562159,Zipf-Mandelbrot (coverage-frequency),incidence_sum_axis1
zlib,200.0,673.0,662.3171853327196,Zipf-Mandelbrot (coverage-frequency),incidence_sum_axis1
zlib,201.0,673.0,662.1878372827997,Zipf-Mandelbrot (coverage-frequency),incidence_sum_axis1
zlib,202.0,673.0,662.058943384412,Zipf-Mandelbrot (coverage-frequency),incidence_sum_axis1
zlib,203.0,673.0,661.9305005470771,Zipf-Mandelbrot (coverage-frequency),incidence_sum_axis1
zlib,204.0,673.0,661.8025057114587,Zipf-Mandelbrot (coverage-frequency),incidence_sum_axis1
zlib,205.0,673.0,661.674955848949,Zipf-Mandelbrot (coverage-frequency),incidence_sum_axis1
zlib,206.0,673.0,661.5478479612598,Zipf-Mandelbrot (coverage-frequency),incidence_sum_axis1
zlib,207.0,673.0,661.421179080021,Zipf-Mandelbrot (coverage-frequency),incidence_sum_axis1
zlib,208.0,673.0,661.2949462663869,Zipf-Mandelbrot (coverage-frequency),incidence_sum_axis1
zlib,209.0,673.0,661.1691466106461,Zipf-Mandelbrot (coverage-frequency),incidence_sum_axis1
zlib,210.0,673.0,661.0437772318406,Zipf-Mandelbrot (coverage-frequency),incidence_sum_axis1
zlib,211.0,673.0,660.9188352773903,Zipf-Mandelbrot (coverage-frequency),incidence_sum_axis1
zlib,212.0,673.0,660.7943179227218,Zipf-Mandelbrot (coverage-frequency),incidence_sum_axis1
zlib,213.0,673.0,660.6702223709062,Zipf-Mandelbrot (coverage-frequency),incidence_sum_axis1
zlib,214.0,673.0,660.5465458523006,Zipf-Mandelbrot (coverage-frequency),incidence_sum_axis1
zlib,215.0,673.0,660.4232856241956,Zipf-Mandelbrot (coverage-frequency),incidence_sum_axis1
zlib,216.0,673.0,660.3004389704699,Zipf-Mandelbrot (coverage-frequency),incidence_sum_axis1
zlib,217.0,673.0,660.1780032012483,Zipf-Mandelbrot (coverage-frequency),incidence_sum_axis1
zlib,218.0,673.0,660.0559756525669,Zipf-Mandelbrot (coverage-frequency),incidence_sum_axis1
zlib,219.0,673.0,659.9343536860424,Zipf-Mandelbrot (coverage-frequency),incidence_sum_axis1
zlib,220.0,673.0,659.813134688548,Zipf-Mandelbrot (coverage-frequency),incidence_sum_axis1
zlib,221.0,673.0,659.6923160718926,Zipf-Mandelbrot (coverage-frequency),incidence_sum_axis1
zlib,222.0,673.0,659.5718952725067,Zipf-Mandelbrot (coverage-frequency),incidence_sum_axis1
zlib,223.0,673.0,659.4518697511326,Zipf-Mandelbrot (coverage-frequency),incidence_sum_axis1
zlib,224.0,673.0,659.3322369925187,Zipf-Mandelbrot (coverage-frequency),incidence_sum_axis1
zlib,225.0,673.0,659.2129945051199,Zipf-Mandelbrot (coverage-frequency),incidence_sum_axis1
zlib,226.0,673.0,659.0941398208022,Zipf-Mandelbrot (coverage-frequency),incidence_sum_axis1
zlib,227.0,673.0,658.975670494551,Zipf-Mandelbrot (coverage-frequency),incidence_sum_axis1
zlib,228.0,673.0,658.8575841041851,Zipf-Mandelbrot (coverage-frequency),incidence_sum_axis1
zlib,229.0,673.0,658.7398782500745,Zipf-Mandelbrot (coverage-frequency),incidence_sum_axis1
zlib,230.0,673.0,658.6225505548626,Zipf-Mandelbrot (coverage-frequency),incidence_sum_axis1
zlib,231.0,673.0,658.5055986631928,Zipf-Mandelbrot (coverage-frequency),incidence_sum_axis1
zlib,232.0,673.0,658.3890202414391,Zipf-Mandelbrot (coverage-frequency),incidence_sum_axis1
zlib,233.0,673.0,658.2728129774408,Zipf-Mandelbrot (coverage-frequency),incidence_sum_axis1
zlib,234.0,673.0,658.1569745802415,Zipf-Mandelbrot (coverage-frequency),incidence_sum_axis1
zlib,235.0,673.0,658.0415027798313,Zipf-Mandelbrot (coverage-frequency),incidence_sum_axis1
zlib,236.0,673.0,657.9263953268943,Zipf-Mandelbrot (coverage-frequency),incidence_sum_axis1
zlib,237.0,673.0,657.8116499925584,Zipf-Mandelbrot (coverage-frequency),incidence_sum_axis1
zlib,238.0,673.0,657.6972645681493,Zipf-Mandelbrot (coverage-frequency),incidence_sum_axis1
zlib,239.0,673.0,657.5832368649491,Zipf-Mandelbrot (coverage-frequency),incidence_sum_axis1
zlib,240.0,673.0,657.469564713957,Zipf-Mandelbrot (coverage-frequency),incidence_sum_axis1
zlib,241.0,673.0,657.3562459656547,Zipf-Mandelbrot (coverage-frequency),incidence_sum_axis1
zlib,242.0,673.0,657.2432784897745,Zipf-Mandelbrot (coverage-frequency),incidence_sum_axis1
zlib,243.0,673.0,657.130660175072,Zipf-Mandelbrot (coverage-frequency),incidence_sum_axis1
zlib,244.0,673.0,657.0183889291003,Zipf-Mandelbrot (coverage-frequency),incidence_sum_axis1
zlib,245.0,673.0,656.9064626779892,Zipf-Mandelbrot (coverage-frequency),incidence_sum_axis1
zlib,246.0,673.0,656.794879366227,Zipf-Mandelbrot (coverage-frequency),incidence_sum_axis1
zlib,247.0,673.0,656.683636956445,Zipf-Mandelbrot (coverage-frequency),incidence_sum_axis1
zlib,248.0,673.0,656.5727334292062,Zipf-Mandelbrot (coverage-frequency),incidence_sum_axis1
zlib,249.0,673.0,656.4621667827962,Zipf-Mandelbrot (coverage-frequency),incidence_sum_axis1
zlib,250.0,673.0,656.3519350330174,Zipf-Mandelbrot (coverage-frequency),incidence_sum_axis1
zlib,251.0,673.0,656.2420362129861,Zipf-Mandelbrot (coverage-frequency),incidence_sum_axis1
zlib,252.0,673.0,656.1324683729329,Zipf-Mandelbrot (coverage-frequency),incidence_sum_axis1
zlib,253.0,673.0,656.0232295800051,Zipf-Mandelbrot (coverage-frequency),incidence_sum_axis1
zlib,254.0,673.0,655.9143179180733,Zipf-Mandelbrot (coverage-frequency),incidence_sum_axis1
zlib,255.0,673.0,655.8057314875391,Zipf-Mandelbrot (coverage-frequency),incidence_sum_axis1
zlib,256.0,673.0,655.6974684051471,Zipf-Mandelbrot (coverage-frequency),incidence_sum_axis1
zlib,257.0,673.0,655.5895268037983,Zipf-Mandelbrot (coverage-frequency),incidence_sum_axis1
zlib,258.0,673.0,655.481904832367,Zipf-Mandelbrot (coverage-frequency),incidence_sum_axis1
zlib,259.0,673.0,655.37460065552,Zipf-Mandelbrot (coverage-frequency),incidence_sum_axis1
zlib,260.0,673.0,655.2676124535379,Zipf-Mandelbrot (coverage-frequency),incidence_sum_axis1
zlib,261.0,673.0,655.16093842214,Zipf-Mandelbrot (coverage-frequency),incidence_sum_axis1
zlib,262.0,673.0,655.0545767723106,Zipf-Mandelbrot (coverage-frequency),incidence_sum_axis1
zlib,263.0,673.0,654.9485257301278,Zipf-Mandelbrot (coverage-frequency),incidence_sum_axis1
zlib,264.0,673.0,654.8427835365956,Zipf-Mandelbrot (coverage-frequency),incidence_sum_axis1
zlib,265.0,673.0,654.7373484474773,Zipf-Mandelbrot (coverage-frequency),incidence_sum_axis1
zlib,266.0,673.0,654.6322187331316,Zipf-Mandelbrot (coverage-frequency),incidence_sum_axis1
zlib,267.0,673.0,654.5273926783515,Zipf-Mandelbrot (coverage-frequency),incidence_sum_axis1
zlib,268.0,673.0,654.4228685822042,Zipf-Mandelbrot (coverage-frequency),incidence_sum_axis1
zlib,269.0,673.0,654.3186447578742,Zipf-Mandelbrot (coverage-frequency),incidence_sum_axis1
zlib,270.0,673.0,654.2147195325084,Zipf-Mandelbrot (coverage-frequency),incidence_sum_axis1
zlib,271.0,673.0,654.111091247063,Zipf-Mandelbrot (coverage-frequency),incidence_sum_axis1
zlib,272.0,673.0,654.0077582561526,Zipf-Mandelbrot (coverage-frequency),incidence_sum_axis1
zlib,273.0,673.0,653.9047189279012,Zipf-Mandelbrot (coverage-frequency),incidence_sum_axis1
zlib,274.0,673.0,653.8019716437962,Zipf-Mandelbrot (coverage-frequency),incidence_sum_axis1
zlib,275.0,673.0,653.6995147985426,Zipf-Mandelbrot (coverage-frequency),incidence_sum_axis1
zlib,276.0,673.0,653.5973467999208,Zipf-Mandelbrot (coverage-frequency),incidence_sum_axis1
zlib,277.0,673.0,653.4954660686452,Zipf-Mandelbrot (coverage-frequency),incidence_sum_axis1
zlib,278.0,673.0,653.3938710382257,Zipf-Mandelbrot (coverage-frequency),incidence_sum_axis1
zlib,279.0,673.0,653.29256015483,Zipf-Mandelbrot (coverage-frequency),incidence_sum_axis1
zlib,280.0,673.0,653.1915318771485,Zipf-Mandelbrot (coverage-frequency),incidence_sum_axis1
zlib,281.0,673.0,653.0907846762603,Zipf-Mandelbrot (coverage-frequency),incidence_sum_axis1
zlib,282.0,673.0,652.9903170355027,Zipf-Mandelbrot (coverage-frequency),incidence_sum_axis1
zlib,283.0,673.0,652.8901274503392,Zipf-Mandelbrot (coverage-frequency),incidence_sum_axis1
zlib,284.0,673.0,652.7902144282326,Zipf-Mandelbrot (coverage-frequency),incidence_sum_axis1
zlib,285.0,673.0,652.690576488518,Zipf-Mandelbrot (coverage-frequency),incidence_sum_axis1
zlib,286.0,673.0,652.5912121622778,Zipf-Mandelbrot (coverage-frequency),incidence_sum_axis1
zlib,287.0,673.0,652.4921199922179,Zipf-Mandelbrot (coverage-frequency),incidence_sum_axis1
zlib,288.0,673.0,652.393298532547,Zipf-Mandelbrot (coverage-frequency),incidence_sum_axis1
zlib,289.0,673.0,652.2947463488551,Zipf-Mandelbrot (coverage-frequency),incidence_sum_axis1
zlib,290.0,673.0,652.196462017996,Zipf-Mandelbrot (coverage-frequency),incidence_sum_axis1
zlib,291.0,673.0,652.0984441279701,Zipf-Mandelbrot (coverage-frequency),incidence_sum_axis1
zlib,292.0,673.0,652.0006912778077,Zipf-Mandelbrot (coverage-frequency),incidence_sum_axis1
zlib,293.0,673.0,651.9032020774569,Zipf-Mandelbrot (coverage-frequency),incidence_sum_axis1
zlib,294.0,673.0,651.8059751476692,Zipf-Mandelbrot (coverage-frequency),incidence_sum_axis1
zlib,295.0,673.0,651.7090091198895,Zipf-Mandelbrot (coverage-frequency),incidence_sum_axis1
zlib,296.0,673.0,651.6123026361458,Zipf-Mandelbrot (coverage-frequency),incidence_sum_axis1
zlib,297.0,673.0,651.5158543489413,Zipf-Mandelbrot (coverage-frequency),incidence_sum_axis1
zlib,298.0,673.0,651.4196629211468,Zipf-Mandelbrot (coverage-frequency),incidence_sum_axis1
zlib,299.0,673.0,651.3237270258958,Zipf-Mandelbrot (coverage-frequency),incidence_sum_axis1
zlib,300.0,673.0,651.2280453464799,Zipf-Mandelbrot (coverage-frequency),incidence_sum_axis1
zlib,301.0,673.0,651.132616576246,Zipf-Mandelbrot (coverage-frequency),incidence_sum_axis1
zlib,302.0,673.0,651.0374394184944,Zipf-Mandelbrot (coverage-frequency),incidence_sum_axis1
zlib,303.0,673.0,650.9425125863789,Zipf-Mandelbrot (coverage-frequency),incidence_sum_axis1
zlib,304.0,673.0,650.847834802807,Zipf-Mandelbrot (coverage-frequency),incidence_sum_axis1
zlib,305.0,673.0,650.7534048003431,Zipf-Mandelbrot (coverage-frequency),incidence_sum_axis1
zlib,306.0,673.0,650.6592213211105,Zipf-Mandelbrot (coverage-frequency),incidence_sum_axis1
zlib,307.0,673.0,650.5652831166973,Zipf-Mandelbrot (coverage-frequency),incidence_sum_axis1
zlib,308.0,673.0,650.4715889480609,Zipf-Mandelbrot (coverage-frequency),incidence_sum_axis1
zlib,309.0,673.0,650.3781375854362,Zipf-Mandelbrot (coverage-frequency),incidence_sum_axis1
zlib,310.0,673.0,650.2849278082423,Zipf-Mandelbrot (coverage-frequency),incidence_sum_axis1
zlib,311.0,673.0,650.1919584049929,Zipf-Mandelbrot (coverage-frequency),incidence_sum_axis1
zlib,312.0,673.0,650.0992281732059,Zipf-Mandelbrot (coverage-frequency),incidence_sum_axis1
zlib,313.0,673.0,650.0067359193151,Zipf-Mandelbrot (coverage-frequency),incidence_sum_axis1
zlib,314.0,673.0,649.9144804585824,Zipf-Mandelbrot (coverage-frequency),incidence_sum_axis1
zlib,315.0,673.0,649.8224606150117,Zipf-Mandelbrot (coverage-frequency),incidence_sum_axis1
zlib,316.0,673.0,649.7306752212634,Zipf-Mandelbrot (coverage-frequency),incidence_sum_axis1
zlib,317.0,673.0,649.6391231185697,Zipf-Mandelbrot (coverage-frequency),incidence_sum_axis1
zlib,318.0,673.0,649.5478031566522,Zipf-Mandelbrot (coverage-frequency),incidence_sum_axis1
zlib,319.0,673.0,649.4567141936384,Zipf-Mandelbrot (coverage-frequency),incidence_sum_axis1
zlib,320.0,673.0,649.3658550959813,Zipf-Mandelbrot (coverage-frequency),incidence_sum_axis1
zlib,321.0,673.0,649.2752247383784,Zipf-Mandelbrot (coverage-frequency),incidence_sum_axis1
zlib,322.0,673.0,649.1848220036927,Zipf-Mandelbrot (coverage-frequency),incidence_sum_axis1
zlib,323.0,673.0,649.0946457828745,Zipf-Mandelbrot (coverage-frequency),incidence_sum_axis1
zlib,324.0,673.0,649.0046949748831,Zipf-Mandelbrot (coverage-frequency),incidence_sum_axis1
zlib,325.0,673.0,648.9149684866111,Zipf-Mandelbrot (coverage-frequency),incidence_sum_axis1
zlib,326.0,673.0,648.825465232808,Zipf-Mandelbrot (coverage-frequency),incidence_sum_axis1
zlib,327.0,673.0,648.7361841360062,Zipf-Mandelbrot (coverage-frequency),incidence_sum_axis1
zlib,328.0,673.0,648.6471241264459,Zipf-Mandelbrot (coverage-frequency),incidence_sum_axis1
zlib,329.0,673.0,648.5582841420038,Zipf-Mandelbrot (coverage-frequency),incidence_sum_axis1
zlib,330.0,673.0,648.4696631281196,Zipf-Mandelbrot (coverage-frequency),incidence_sum_axis1
zlib,331.0,673.0,648.3812600377252,Zipf-Mandelbrot (coverage-frequency),incidence_sum_axis1
zlib,332.0,673.0,648.2930738311738,Zipf-Mandelbrot (coverage-frequency),incidence_sum_axis1
zlib,333.0,673.0,648.2051034761712,Zipf-Mandelbrot (coverage-frequency),incidence_sum_axis1
zlib,334.0,673.0,648.1173479477061,Zipf-Mandelbrot (coverage-frequency),incidence_sum_axis1
zlib,335.0,673.0,648.0298062279824,Zipf-Mandelbrot (coverage-frequency),incidence_sum_axis1
zlib,336.0,673.0,647.9424773063517,Zipf-Mandelbrot (coverage-frequency),incidence_sum_axis1
zlib,337.0,673.0,647.8553601792477,Zipf-Mandelbrot (coverage-frequency),incidence_sum_axis1
zlib,338.0,673.0,647.768453850119,Zipf-Mandelbrot (coverage-frequency),incidence_sum_axis1
zlib,339.0,673.0,647.6817573293658,Zipf-Mandelbrot (coverage-frequency),incidence_sum_axis1
zlib,340.0,673.0,647.5952696342746,Zipf-Mandelbrot (coverage-frequency),incidence_sum_axis1
zlib,341.0,673.0,647.5089897889549,Zipf-Mandelbrot (coverage-frequency),incidence_sum_axis1
zlib,342.0,673.0,647.4229168242772,Zipf-Mandelbrot (coverage-frequency),incidence_sum_axis1
zlib,343.0,673.0,647.3370497778101,Zipf-Mandelbrot (coverage-frequency),incidence_sum_axis1
zlib,344.0,673.0,647.2513876937596,Zipf-Mandelbrot (coverage-frequency),incidence_sum_axis1
zlib,345.0,673.0,647.165929622908,Zipf-Mandelbrot (coverage-frequency),incidence_sum_axis1
zlib,346.0,673.0,647.0806746225549,Zipf-Mandelbrot (coverage-frequency),incidence_sum_axis1
zlib,347.0,673.0,646.9956217564562,Zipf-Mandelbrot (coverage-frequency),incidence_sum_axis1
zlib,348.0,673.0,646.910770094768,Zipf-Mandelbrot (coverage-frequency),incidence_sum_axis1
zlib,349.0,673.0,646.8261187139865,Zipf-Mandelbrot (coverage-frequency),incidence_sum_axis1
zlib,350.0,673.0,646.7416666968917,Zipf-Mandelbrot (coverage-frequency),incidence_sum_axis1
zlib,351.0,673.0,646.6574131324912,Zipf-Mandelbrot (coverage-frequency),incidence_sum_axis1
zlib,352.0,673.0,646.5733571159633,Zipf-Mandelbrot (coverage-frequency),incidence_sum_axis1
zlib,353.0,673.0,646.4894977486022,Zipf-Mandelbrot (coverage-frequency),incidence_sum_axis1
zlib,354.0,673.0,646.4058341377631,Zipf-Mandelbrot (coverage-frequency),incidence_sum_axis1
zlib,355.0,673.0,646.3223653968083,Zipf-Mandelbrot (coverage-frequency),incidence_sum_axis1
zlib,356.0,673.0,646.2390906450535,Zipf-Mandelbrot (coverage-frequency),incidence_sum_axis1
zlib,357.0,673.0,646.1560090077147,Zipf-Mandelbrot (coverage-frequency),incidence_sum_axis1
zlib,358.0,673.0,646.0731196158562,Zipf-Mandelbrot (coverage-frequency),incidence_sum_axis1
zlib,359.0,673.0,645.9904216063386,Zipf-Mandelbrot (coverage-frequency),incidence_sum_axis1
zlib,360.0,673.0,645.9079141217678,Zipf-Mandelbrot (coverage-frequency),incidence_sum_axis1
zlib,361.0,673.0,645.8255963104443,Zipf-Mandelbrot (coverage-frequency),incidence_sum_axis1
zlib,362.0,673.0,645.7434673263128,Zipf-Mandelbrot (coverage-frequency),incidence_sum_axis1
zlib,363.0,673.0,645.6615263289132,Zipf-Mandelbrot (coverage-frequency),incidence_sum_axis1
zlib,364.0,673.0,645.5797724833311,Zipf-Mandelbrot (coverage-frequency),incidence_sum_axis1
zlib,365.0,673.0,645.49820496015,Zipf-Mandelbrot (coverage-frequency),incidence_sum_axis1
zlib,366.0,673.0,645.4168229354025,Zipf-Mandelbrot (coverage-frequency),incidence_sum_axis1
zlib,367.0,673.0,645.3356255905237,Zipf-Mandelbrot (coverage-frequency),incidence_sum_axis1
zlib,368.0,673.0,645.2546121123039,Zipf-Mandelbrot (coverage-frequency),incidence_sum_axis1
zlib,369.0,673.0,645.1737816928421,Zipf-Mandelbrot (coverage-frequency),incidence_sum_axis1
zlib,370.0,673.0,645.0931335295005,Zipf-Mandelbrot (coverage-frequency),incidence_sum_axis1
zlib,371.0,673.0,645.0126668248587,Zipf-Mandelbrot (coverage-frequency),incidence_sum_axis1
zlib,372.0,673.0,644.9323807866692,Zipf-Mandelbrot (coverage-frequency),incidence_sum_axis1
zlib,373.0,673.0,644.8522746278124,Zipf-Mandelbrot (coverage-frequency),incidence_sum_axis1
zlib,374.0,673.0,644.7723475662534,Zipf-Mandelbrot (coverage-frequency),incidence_sum_axis1
zlib,375.0,673.0,644.6925988249977,Zipf-Mandelbrot (coverage-frequency),incidence_sum_axis1
zlib,376.0,673.0,644.613027632049,Zipf-Mandelbrot (coverage-frequency),incidence_sum_axis1
zlib,377.0,673.0,644.5336332203658,Zipf-Mandelbrot (coverage-frequency),incidence_sum_axis1
zlib,378.0,673.0,644.4544148278197,Zipf-Mandelbrot (coverage-frequency),incidence_sum_axis1
zlib,379.0,673.0,644.3753716971543,Zipf-Mandelbrot (coverage-frequency),incidence_sum_axis1
zlib,380.0,673.0,644.2965030759426,Zipf-Mandelbrot (coverage-frequency),incidence_sum_axis1
zlib,381.0,673.0,644.2178082165476,Zipf-Mandelbrot (coverage-frequency),incidence_sum_axis1
zlib,382.0,673.0,644.1392863760811,Zipf-Mandelbrot (coverage-frequency),incidence_sum_axis1
zlib,383.0,672.0,644.060936816364,Zipf-Mandelbrot (coverage-frequency),incidence_sum_axis1
zlib,384.0,672.0,643.9827588038867,Zipf-Mandelbrot (coverage-frequency),incidence_sum_axis1
zlib,385.0,671.0,643.90475160977,Zipf-Mandelbrot (coverage-frequency),incidence_sum_axis1
zlib,386.0,671.0,643.8269145097265,Zipf-Mandelbrot (coverage-frequency),incidence_sum_axis1
zlib,387.0,671.0,643.7492467840223,Zipf-Mandelbrot (coverage-frequency),incidence_sum_axis1
zlib,388.0,671.0,643.671747717439,Zipf-Mandelbrot (coverage-frequency),incidence_sum_axis1
zlib,389.0,671.0,643.5944165992362,Zipf-Mandelbrot (coverage-frequency),incidence_sum_axis1
zlib,390.0,670.0,643.517252723114,Zipf-Mandelbrot (coverage-frequency),incidence_sum_axis1
zlib,391.0,670.0,643.4402553871774,Zipf-Mandelbrot (coverage-frequency),incidence_sum_axis1
zlib,392.0,670.0,643.3634238938985,Zipf-Mandelbrot (coverage-frequency),incidence_sum_axis1
zlib,393.0,670.0,643.2867575500813,Zipf-Mandelbrot (coverage-frequency),incidence_sum_axis1
zlib,394.0,670.0,643.2102556668262,Zipf-Mandelbrot (coverage-frequency),incidence_sum_axis1
zlib,395.0,670.0,643.1339175594944,Zipf-Mandelbrot (coverage-frequency),incidence_sum_axis1
zlib,396.0,670.0,643.057742547673,Zipf-Mandelbrot (coverage-frequency),incidence_sum_axis1
zlib,397.0,670.0,642.9817299551404,Zipf-Mandelbrot (coverage-frequency),incidence_sum_axis1
zlib,398.0,670.0,642.9058791098324,Zipf-Mandelbrot (coverage-frequency),incidence_sum_axis1
zlib,399.0,670.0,642.8301893438087,Zipf-Mandelbrot (coverage-frequency),incidence_sum_axis1
zlib,400.0,670.0,642.7546599932178,Zipf-Mandelbrot (coverage-frequency),incidence_sum_axis1
zlib,401.0,670.0,642.6792903982662,Zipf-Mandelbrot (coverage-frequency),incidence_sum_axis1
zlib,402.0,670.0,642.6040799031832,Zipf-Mandelbrot (coverage-frequency),incidence_sum_axis1
zlib,403.0,669.0,642.5290278561903,Zipf-Mandelbrot (coverage-frequency),incidence_sum_axis1
zlib,404.0,669.0,642.4541336094678,Zipf-Mandelbrot (coverage-frequency),incidence_sum_axis1
zlib,405.0,669.0,642.3793965191237,Zipf-Mandelbrot (coverage-frequency),incidence_sum_axis1
zlib,406.0,669.0,642.3048159451616,Zipf-Mandelbrot (coverage-frequency),incidence_sum_axis1
zlib,407.0,669.0,642.2303912514498,Zipf-Mandelbrot (coverage-frequency),incidence_sum_axis1
zlib,408.0,669.0,642.1561218056903,Zipf-Mandelbrot (coverage-frequency),incidence_sum_axis1
zlib,409.0,669.0,642.0820069793886,Zipf-Mandelbrot (coverage-frequency),incidence_sum_axis1
zlib,410.0,669.0,642.0080461478225,Zipf-Mandelbrot (coverage-frequency),incidence_sum_axis1
zlib,411.0,669.0,641.9342386900129,Zipf-Mandelbrot (coverage-frequency),incidence_sum_axis1
zlib,412.0,669.0,641.860583988694,Zipf-Mandelbrot (coverage-frequency),incidence_sum_axis1
zlib,413.0,669.0,641.7870814302834,Zipf-Mandelbrot (coverage-frequency),incidence_sum_axis1
zlib,414.0,669.0,641.7137304048537,Zipf-Mandelbrot (coverage-frequency),incidence_sum_axis1
zlib,415.0,669.0,641.6405303061031,Zipf-Mandelbrot (coverage-frequency),incidence_sum_axis1
zlib,416.0,669.0,641.5674805313272,Zipf-Mandelbrot (coverage-frequency),incidence_sum_axis1
zlib,417.0,668.0,641.4945804813904,Zipf-Mandelbrot (coverage-frequency),incidence_sum_axis1
zlib,418.0,668.0,641.421829560698,Zipf-Mandelbrot (coverage-frequency),incidence_sum_axis1
zlib,419.0,668.0,641.349227177169,Zipf-Mandelbrot (coverage-frequency),incidence_sum_axis1
zlib,420.0,668.0,641.2767727422081,Zipf-Mandelbrot (coverage-frequency),incidence_sum_axis1
zlib,421.0,668.0,641.2044656706785,Zipf-Mandelbrot (coverage-frequency),incidence_sum_axis1
zlib,422.0,668.0,641.1323053808751,Zipf-Mandelbrot (coverage-frequency),incidence_sum_axis1
zlib,423.0,667.0,641.0602912944983,Zipf-Mandelbrot (coverage-frequency),incidence_sum_axis1
zlib,424.0,667.0,640.9884228366265,Zipf-Mandelbrot (coverage-frequency),incidence_sum_axis1
zlib,425.0,667.0,640.9166994356913,Zipf-Mandelbrot (coverage-frequency),incidence_sum_axis1
zlib,426.0,667.0,640.8451205234508,Zipf-Mandelbrot (coverage-frequency),incidence_sum_axis1
zlib,427.0,667.0,640.7736855349638,Zipf-Mandelbrot (coverage-frequency),incidence_sum_axis1
zlib,428.0,665.0,640.702393908565,Zipf-Mandelbrot (coverage-frequency),incidence_sum_axis1
zlib,429.0,665.0,640.6312450858396,Zipf-Mandelbrot (coverage-frequency),incidence_sum_axis1
zlib,430.0,663.0,640.5602385115983,Zipf-Mandelbrot (coverage-frequency),incidence_sum_axis1
zlib,431.0,663.0,640.4893736338523,Zipf-Mandelbrot (coverage-frequency),incidence_sum_axis1
zlib,432.0,663.0,640.4186499037897,Zipf-Mandelbrot (coverage-frequency),incidence_sum_axis1
zlib,433.0,663.0,640.3480667757508,Zipf-Mandelbrot (coverage-frequency),incidence_sum_axis1
zlib,434.0,663.0,640.2776237072037,Zipf-Mandelbrot (coverage-frequency),incidence_sum_axis1
zlib,435.0,663.0,640.2073201587216,Zipf-Mandelbrot (coverage-frequency),incidence_sum_axis1
zlib,436.0,663.0,640.1371555939581,Zipf-Mandelbrot (coverage-frequency),incidence_sum_axis1
zlib,437.0,663.0,640.0671294796248,Zipf-Mandelbrot (coverage-frequency),incidence_sum_axis1
zlib,438.0,663.0,639.9972412854676,Zipf-Mandelbrot (coverage-frequency),incidence_sum_axis1
zlib,439.0,663.0,639.9274904842443,Zipf-Mandelbrot (coverage-frequency),incidence_sum_axis1
zlib,440.0,663.0,639.857876551702,Zipf-Mandelbrot (coverage-frequency),incidence_sum_axis1
zlib,441.0,663.0,639.7883989665538,Zipf-Mandelbrot (coverage-frequency),incidence_sum_axis1
zlib,442.0,663.0,639.7190572104574,Zipf-Mandelbrot (coverage-frequency),incidence_sum_axis1
zlib,443.0,663.0,639.6498507679929,Zipf-Mandelbrot (coverage-frequency),incidence_sum_axis1
zlib,444.0,663.0,639.5807791266409,Zipf-Mandelbrot (coverage-frequency),incidence_sum_axis1
zlib,445.0,663.0,639.5118417767611,Zipf-Mandelbrot (coverage-frequency),incidence_sum_axis1
zlib,446.0,663.0,639.4430382115701,Zipf-Mandelbrot (coverage-frequency),incidence_sum_axis1
zlib,447.0,663.0,639.3743679271212,Zipf-Mandelbrot (coverage-frequency),incidence_sum_axis1
zlib,448.0,662.0,639.3058304222828,Zipf-Mandelbrot (coverage-frequency),incidence_sum_axis1
zlib,449.0,662.0,639.2374251987179,Zipf-Mandelbrot (coverage-frequency),incidence_sum_axis1
zlib,450.0,654.0,639.1691517608629,Zipf-Mandelbrot (coverage-frequency),incidence_sum_axis1
zlib,451.0,653.0,639.1010096159079,Zipf-Mandelbrot (coverage-frequency),incidence_sum_axis1
zlib,452.0,653.0,639.0329982737755,Zipf-Mandelbrot (coverage-frequency),incidence_sum_axis1
zlib,453.0,652.0,638.965117247102,Zipf-Mandelbrot (coverage-frequency),incidence_sum_axis1
zlib,454.0,647.0,638.8973660512161,Zipf-Mandelbrot (coverage-frequency),incidence_sum_axis1
zlib,455.0,647.0,638.8297442041202,Zipf-Mandelbrot (coverage-frequency),incidence_sum_axis1
zlib,456.0,647.0,638.7622512264704,Zipf-Mandelbrot (coverage-frequency),incidence_sum_axis1
zlib,457.0,647.0,638.6948866415578,Zipf-Mandelbrot (coverage-frequency),incidence_sum_axis1
zlib,458.0,647.0,638.6276499752879,Zipf-Mandelbrot (coverage-frequency),incidence_sum_axis1
zlib,459.0,647.0,638.5605407561632,Zipf-Mandelbrot (coverage-frequency),incidence_sum_axis1
zlib,460.0,647.0,638.4935585152634,Zipf-Mandelbrot (coverage-frequency),incidence_sum_axis1
zlib,461.0,647.0,638.4267027862272,Zipf-Mandelbrot (coverage-frequency),incidence_sum_axis1
zlib,462.0,647.0,638.3599731052332,Zipf-Mandelbrot (coverage-frequency),incidence_sum_axis1
zlib,463.0,647.0,638.2933690109824,Zipf-Mandelbrot (coverage-frequency),incidence_sum_axis1
zlib,464.0,647.0,638.2268900446793,Zipf-Mandelbrot (coverage-frequency),incidence_sum_axis1
zlib,465.0,647.0,638.1605357500146,Zipf-Mandelbrot (coverage-frequency),incidence_sum_axis1
zlib,466.0,647.0,638.0943056731466,Zipf-Mandelbrot (coverage-frequency),incidence_sum_axis1
zlib,467.0,647.0,638.0281993626838,Zipf-Mandelbrot (coverage-frequency),incidence_sum_axis1
zlib,468.0,647.0,637.9622163696682,Zipf-Mandelbrot (coverage-frequency),incidence_sum_axis1
zlib,469.0,647.0,637.8963562475564,Zipf-Mandelbrot (coverage-frequency),incidence_sum_axis1
zlib,470.0,646.0,637.8306185522034,Zipf-Mandelbrot (coverage-frequency),incidence_sum_axis1
zlib,471.0,646.0,637.7650028418456,Zipf-Mandelbrot (coverage-frequency),incidence_sum_axis1
zlib,472.0,644.0,637.6995086770834,Zipf-Mandelbrot (coverage-frequency),incidence_sum_axis1
zlib,473.0,640.0,637.6341356208648,Zipf-Mandelbrot (coverage-frequency),incidence_sum_axis1
zlib,474.0,640.0,637.5688832384684,Zipf-Mandelbrot (coverage-frequency),incidence_sum_axis1
zlib,475.0,640.0,637.5037510974872,Zipf-Mandelbrot (coverage-frequency),incidence_sum_axis1
zlib,476.0,640.0,637.4387387678128,Zipf-Mandelbrot (coverage-frequency),incidence_sum_axis1
zlib,477.0,640.0,637.3738458216179,Zipf-Mandelbrot (coverage-frequency),incidence_sum_axis1
zlib,478.0,640.0,637.3090718333416,Zipf-Mandelbrot (coverage-frequency),incidence_sum_axis1
zlib,479.0,639.0,637.2444163796728,Zipf-Mandelbrot (coverage-frequency),incidence_sum_axis1
zlib,480.0,639.0,637.1798790395344,Zipf-Mandelbrot (coverage-frequency),incidence_sum_axis1
zlib,481.0,639.0,637.115459394068,Zipf-Mandelbrot (coverage-frequency),incidence_sum_axis1
zlib,482.0,639.0,637.0511570266185,Zipf-Mandelbrot (coverage-frequency),incidence_sum_axis1
zlib,483.0,638.0,636.9869715227182,Zipf-Mandelbrot (coverage-frequency),incidence_sum_axis1
zlib,484.0,638.0,636.9229024700722,Zipf-Mandelbrot (coverage-frequency),incidence_sum_axis1
zlib,485.0,638.0,636.8589494585428,Zipf-Mandelbrot (coverage-frequency),incidence_sum_axis1
zlib,486.0,637.0,636.7951120801351,Zipf-Mandelbrot (coverage-frequency),incidence_sum_axis1
zlib,487.0,637.0,636.7313899289815,Zipf-Mandelbrot (coverage-frequency),incidence_sum_axis1
zlib,488.0,636.0,636.6677826013273,Zipf-Mandelbrot (coverage-frequency),incidence_sum_axis1
zlib,489.0,636.0,636.6042896955167,Zipf-Mandelbrot (coverage-frequency),incidence_sum_axis1
zlib,490.0,636.0,636.5409108119775,Zipf-Mandelbrot (coverage-frequency),incidence_sum_axis1
zlib,491.0,636.0,636.477645553207,Zipf-Mandelbrot (coverage-frequency),incidence_sum_axis1
zlib,492.0,636.0,636.4144935237581,Zipf-Mandelbrot (coverage-frequency),incidence_sum_axis1
zlib,493.0,636.0,636.351454330225,Zipf-Mandelbrot (coverage-frequency),incidence_sum_axis1
zlib,494.0,636.0,636.2885275812295,Zipf-Mandelbrot (coverage-frequency),incidence_sum_axis1
zlib,495.0,636.0,636.2257128874064,Zipf-Mandelbrot (coverage-frequency),incidence_sum_axis1
zlib,496.0,636.0,636.1630098613908,Zipf-Mandelbrot (coverage-frequency),incidence_sum_axis1
zlib,497.0,636.0,636.1004181178039,Zipf-Mandelbrot (coverage-frequency),incidence_sum_axis1
zlib,498.0,636.0,636.0379372732392,Zipf-Mandelbrot (coverage-frequency),incidence_sum_axis1
zlib,499.0,636.0,635.9755669462505,Zipf-Mandelbrot (coverage-frequency),incidence_sum_axis1
zlib,500.0,636.0,635.9133067573365,Zipf-Mandelbrot (coverage-frequency),incidence_sum_axis1
zlib,501.0,636.0,635.8511563289297,Zipf-Mandelbrot (coverage-frequency),incidence_sum_axis1
zlib,502.0,636.0,635.7891152853822,Zipf-Mandelbrot (coverage-frequency),incidence_sum_axis1
zlib,503.0,636.0,635.7271832529528,Zipf-Mandelbrot (coverage-frequency),incidence_sum_axis1
zlib,504.0,636.0,635.665359859795,Zipf-Mandelbrot (coverage-frequency),incidence_sum_axis1
zlib,505.0,636.0,635.603644735943,Zipf-Mandelbrot (coverage-frequency),incidence_sum_axis1
zlib,506.0,636.0,635.5420375133003,Zipf-Mandelbrot (coverage-frequency),incidence_sum_axis1
zlib,507.0,636.0,635.4805378256266,Zipf-Mandelbrot (coverage-frequency),incidence_sum_axis1
zlib,508.0,636.0,635.4191453085252,Zipf-Mandelbrot (coverage-frequency),incidence_sum_axis1
zlib,509.0,636.0,635.3578595994317,Zipf-Mandelbrot (coverage-frequency),incidence_sum_axis1
zlib,510.0,636.0,635.2966803376002,Zipf-Mandelbrot (coverage-frequency),incidence_sum_axis1
zlib,511.0,636.0,635.2356071640926,Zipf-Mandelbrot (coverage-frequency),incidence_sum_axis1
zlib,512.0,636.0,635.1746397217661,Zipf-Mandelbrot (coverage-frequency),incidence_sum_axis1
zlib,513.0,636.0,635.1137776552613,Zipf-Mandelbrot (coverage-frequency),incidence_sum_axis1
zlib,514.0,636.0,635.0530206109903,Zipf-Mandelbrot (coverage-frequency),incidence_sum_axis1
zlib,515.0,636.0,634.9923682371251,Zipf-Mandelbrot (coverage-frequency),incidence_sum_axis1
zlib,516.0,636.0,634.9318201835862,Zipf-Mandelbrot (coverage-frequency),incidence_sum_axis1
zlib,517.0,636.0,634.8713761020307,Zipf-Mandelbrot (coverage-frequency),incidence_sum_axis1
zlib,518.0,636.0,634.811035645841,Zipf-Mandelbrot (coverage-frequency),incidence_sum_axis1
zlib,519.0,636.0,634.750798470114,Zipf-Mandelbrot (coverage-frequency),incidence_sum_axis1
zlib,520.0,636.0,634.690664231649,Zipf-Mandelbrot (coverage-frequency),incidence_sum_axis1
zlib,521.0,636.0,634.630632588937,Zipf-Mandelbrot (coverage-frequency),incidence_sum_axis1
zlib,522.0,636.0,634.5707032021501,Zipf-Mandelbrot (coverage-frequency),incidence_sum_axis1
zlib,523.0,635.0,634.5108757331296,Zipf-Mandelbrot (coverage-frequency),incidence_sum_axis1
zlib,524.0,635.0,634.4511498453757,Zipf-Mandelbrot (coverage-frequency),incidence_sum_axis1
zlib,525.0,635.0,634.391525204037,Zipf-Mandelbrot (coverage-frequency),incidence_sum_axis1
zlib,526.0,635.0,634.3320014758989,Zipf-Mandelbrot (coverage-frequency),incidence_sum_axis1
zlib,527.0,635.0,634.2725783293739,Zipf-Mandelbrot (coverage-frequency),incidence_sum_axis1
zlib,528.0,634.0,634.2132554344909,Zipf-Mandelbrot (coverage-frequency),incidence_sum_axis1
zlib,529.0,634.0,634.1540324628838,Zipf-Mandelbrot (coverage-frequency),incidence_sum_axis1
zlib,530.0,634.0,634.0949090877831,Zipf-Mandelbrot (coverage-frequency),incidence_sum_axis1
zlib,531.0,634.0,634.0358849840034,Zipf-Mandelbrot (coverage-frequency),incidence_sum_axis1
zlib,532.0,634.0,633.9769598279347,Zipf-Mandelbrot (coverage-frequency),incidence_sum_axis1
zlib,533.0,634.0,633.9181332975322,Zipf-Mandelbrot (coverage-frequency),incidence_sum_axis1
zlib,534.0,634.0,633.8594050723051,Zipf-Mandelbrot (coverage-frequency),incidence_sum_axis1
zlib,535.0,634.0,633.8007748333084,Zipf-Mandelbrot (coverage-frequency),incidence_sum_axis1
zlib,536.0,634.0,633.7422422631316,Zipf-Mandelbrot (coverage-frequency),incidence_sum_axis1
zlib,537.0,634.0,633.6838070458895,Zipf-Mandelbrot (coverage-frequency),incidence_sum_axis1
zlib,538.0,634.0,633.6254688672125,Zipf-Mandelbrot (coverage-frequency),incidence_sum_axis1
zlib,539.0,634.0,633.567227414237,Zipf-Mandelbrot (coverage-frequency),incidence_sum_axis1
zlib,540.0,634.0,633.5090823755955,Zipf-Mandelbrot (coverage-frequency),incidence_sum_axis1
zlib,541.0,634.0,633.4510334414077,Zipf-Mandelbrot (coverage-frequency),incidence_sum_axis1
zlib,542.0,633.0,633.3930803032704,Zipf-Mandelbrot (coverage-frequency),incidence_sum_axis1
zlib,543.0,633.0,633.3352226542486,Zipf-Mandelbrot (coverage-frequency),incidence_sum_axis1
zlib,544.0,632.0,633.2774601888665,Zipf-Mandelbrot (coverage-frequency),incidence_sum_axis1
zlib,545.0,632.0,633.2197926030975,Zipf-Mandelbrot (coverage-frequency),incidence_sum_axis1
zlib,546.0,632.0,633.162219594356,Zipf-Mandelbrot (coverage-frequency),incidence_sum_axis1
zlib,547.0,632.0,633.1047408614872,Zipf-Mandelbrot (coverage-frequency),incidence_sum_axis1
zlib,548.0,632.0,633.04735610476,Zipf-Mandelbrot (coverage-frequency),incidence_sum_axis1
zlib,549.0,632.0,632.9900650258558,Zipf-Mandelbrot (coverage-frequency),incidence_sum_axis1
zlib,550.0,632.0,632.9328673278612,Zipf-Mandelbrot (coverage-frequency),incidence_sum_axis1
zlib,551.0,632.0,632.8757627152594,Zipf-Mandelbrot (coverage-frequency),incidence_sum_axis1
zlib,552.0,632.0,632.8187508939201,Zipf-Mandelbrot (coverage-frequency),incidence_sum_axis1
zlib,553.0,632.0,632.7618315710923,Zipf-Mandelbrot (coverage-frequency),incidence_sum_axis1
zlib,554.0,632.0,632.7050044553948,Zipf-Mandelbrot (coverage-frequency),incidence_sum_axis1
zlib,555.0,632.0,632.6482692568082,Zipf-Mandelbrot (coverage-frequency),incidence_sum_axis1
zlib,556.0,632.0,632.5916256866665,Zipf-Mandelbrot (coverage-frequency),incidence_sum_axis1
zlib,557.0,632.0,632.5350734576482,Zipf-Mandelbrot (coverage-frequency),incidence_sum_axis1
zlib,558.0,632.0,632.4786122837687,Zipf-Mandelbrot (coverage-frequency),incidence_sum_axis1
zlib,559.0,631.0,632.4222418803714,Zipf-Mandelbrot (coverage-frequency),incidence_sum_axis1
zlib,560.0,631.0,632.3659619641202,Zipf-Mandelbrot (coverage-frequency),incidence_sum_axis1
zlib,561.0,631.0,632.3097722529908,Zipf-Mandelbrot (coverage-frequency),incidence_sum_axis1
zlib,562.0,631.0,632.253672466263,Zipf-Mandelbrot (coverage-frequency),incidence_sum_axis1
zlib,563.0,631.0,632.1976623245124,Zipf-Mandelbrot (coverage-frequency),incidence_sum_axis1
zlib,564.0,631.0,632.141741549603,Zipf-Mandelbrot (coverage-frequency),incidence_sum_axis1
zlib,565.0,631.0,632.0859098646788,Zipf-Mandelbrot (coverage-frequency),incidence_sum_axis1
zlib,566.0,631.0,632.030166994156,Zipf-Mandelbrot (coverage-frequency),incidence_sum_axis1
zlib,567.0,631.0,631.9745126637159,Zipf-Mandelbrot (coverage-frequency),incidence_sum_axis1
zlib,568.0,631.0,631.9189466002966,Zipf-Mandelbrot (coverage-frequency),incidence_sum_axis1
zlib,569.0,631.0,631.8634685320853,Zipf-Mandelbrot (coverage-frequency),incidence_sum_axis1
zlib,570.0,631.0,631.8080781885112,Zipf-Mandelbrot (coverage-frequency),incidence_sum_axis1
zlib,571.0,631.0,631.7527753002375,Zipf-Mandelbrot (coverage-frequency),incidence_sum_axis1
zlib,572.0,631.0,631.6975595991547,Zipf-Mandelbrot (coverage-frequency),incidence_sum_axis1
zlib,573.0,629.0,631.6424308183718,Zipf-Mandelbrot (coverage-frequency),incidence_sum_axis1
zlib,574.0,629.0,631.587388692211,Zipf-Mandelbrot (coverage-frequency),incidence_sum_axis1
zlib,575.0,629.0,631.5324329561979,Zipf-Mandelbrot (coverage-frequency),incidence_sum_axis1
zlib,576.0,629.0,631.4775633470566,Zipf-Mandelbrot (coverage-frequency),incidence_sum_axis1
zlib,577.0,627.0,631.4227796027012,Zipf-Mandelbrot (coverage-frequency),incidence_sum_axis1
zlib,578.0,624.0,631.3680814622289,Zipf-Mandelbrot (coverage-frequency),incidence_sum_axis1
zlib,579.0,624.0,631.3134686659131,Zipf-Mandelbrot (coverage-frequency),incidence_sum_axis1
zlib,580.0,624.0,631.2589409551963,Zipf-Mandelbrot (coverage-frequency),incidence_sum_axis1
zlib,581.0,624.0,631.204498072683,Zipf-Mandelbrot (coverage-frequency),incidence_sum_axis1
zlib,582.0,623.0,631.150139762133,Zipf-Mandelbrot (coverage-frequency),incidence_sum_axis1
zlib,583.0,620.0,631.0958657684542,Zipf-Mandelbrot (coverage-frequency),incidence_sum_axis1
zlib,584.0,619.0,631.0416758376964,Zipf-Mandelbrot (coverage-frequency),incidence_sum_axis1
zlib,585.0,618.0,630.9875697170438,Zipf-Mandelbrot (coverage-frequency),incidence_sum_axis1
zlib,586.0,617.0,630.9335471548087,Zipf-Mandelbrot (coverage-frequency),incidence_sum_axis1
zlib,587.0,617.0,630.8796079004248,Zipf-Mandelbrot (coverage-frequency),incidence_sum_axis1
zlib,588.0,617.0,630.8257517044404,Zipf-Mandelbrot (coverage-frequency),incidence_sum_axis1
zlib,589.0,617.0,630.7719783185121,Zipf-Mandelbrot (coverage-frequency),incidence_sum_axis1
zlib,590.0,617.0,630.7182874953979,Zipf-Mandelbrot (coverage-frequency),incidence_sum_axis1
zlib,591.0,616.0,630.6646789889513,Zipf-Mandelbrot (coverage-frequency),incidence_sum_axis1
zlib,592.0,614.0,630.6111525541145,Zipf-Mandelbrot (coverage-frequency),incidence_sum_axis1
zlib,593.0,611.0,630.5577079469115,Zipf-Mandelbrot (coverage-frequency),incidence_sum_axis1
zlib,594.0,604.0,630.5043449244429,Zipf-Mandelbrot (coverage-frequency),incidence_sum_axis1
zlib,595.0,604.0,630.4510632448788,Zipf-Mandelbrot (coverage-frequency),incidence_sum_axis1
zlib,596.0,604.0,630.397862667453,Zipf-Mandelbrot (coverage-frequency),incidence_sum_axis1
zlib,597.0,604.0,630.344742952456,Zipf-Mandelbrot (coverage-frequency),incidence_sum_axis1
zlib,598.0,604.0,630.2917038612304,Zipf-Mandelbrot (coverage-frequency),incidence_sum_axis1
zlib,599.0,604.0,630.2387451561627,Zipf-Mandelbrot (coverage-frequency),incidence_sum_axis1
zlib,600.0,604.0,630.1858666006793,Zipf-Mandelbrot (coverage-frequency),incidence_sum_axis1
zlib,601.0,604.0,630.133067959239,Zipf-Mandelbrot (coverage-frequency),incidence_sum_axis1
zlib,602.0,604.0,630.0803489973277,Zipf-Mandelbrot (coverage-frequency),incidence_sum_axis1
zlib,603.0,604.0,630.0277094814527,Zipf-Mandelbrot (coverage-frequency),incidence_sum_axis1
zlib,604.0,604.0,629.9751491791357,Zipf-Mandelbrot (coverage-frequency),incidence_sum_axis1
zlib,605.0,596.0,629.9226678589082,Zipf-Mandelbrot (coverage-frequency),incidence_sum_axis1
zlib,606.0,596.0,629.8702652903053,Zipf-Mandelbrot (coverage-frequency),incidence_sum_axis1
zlib,607.0,596.0,629.8179412438595,Zipf-Mandelbrot (coverage-frequency),incidence_sum_axis1
zlib,608.0,596.0,629.7656954910954,Zipf-Mandelbrot (coverage-frequency),incidence_sum_axis1
zlib,609.0,596.0,629.713527804524,Zipf-Mandelbrot (coverage-frequency),incidence_sum_axis1
zlib,610.0,596.0,629.661437957637,Zipf-Mandelbrot (coverage-frequency),incidence_sum_axis1
zlib,611.0,596.0,629.6094257249009,Zipf-Mandelbrot (coverage-frequency),incidence_sum_axis1
zlib,612.0,596.0,629.557490881752,Zipf-Mandelbrot (coverage-frequency),incidence_sum_axis1
zlib,613.0,596.0,629.5056332045906,Zipf-Mandelbrot (coverage-frequency),incidence_sum_axis1
zlib,614.0,575.0,629.4538524707754,Zipf-Mandelbrot (coverage-frequency),incidence_sum_axis1
zlib,615.0,575.0,629.4021484586182,Zipf-Mandelbrot (coverage-frequency),incidence_sum_axis1
zlib,616.0,574.0,629.3505209473782,Zipf-Mandelbrot (coverage-frequency),incidence_sum_axis1
zlib,617.0,516.0,629.2989697172573,Zipf-Mandelbrot (coverage-frequency),incidence_sum_axis1
zlib,618.0,472.0,629.2474945493942,Zipf-Mandelbrot (coverage-frequency),incidence_sum_axis1
zlib,619.0,472.0,629.1960952258593,Zipf-Mandelbrot (coverage-frequency),incidence_sum_axis1
zlib,620.0,472.0,629.1447715296491,Zipf-Mandelbrot (coverage-frequency),incidence_sum_axis1
zlib,621.0,472.0,629.0935232446819,Zipf-Mandelbrot (coverage-frequency),incidence_sum_axis1
zlib,622.0,472.0,629.0423501557915,Zipf-Mandelbrot (coverage-frequency),incidence_sum_axis1
zlib,623.0,472.0,628.9912520487227,Zipf-Mandelbrot (coverage-frequency),incidence_sum_axis1
zlib,624.0,462.0,628.9402287101261,Zipf-Mandelbrot (coverage-frequency),incidence_sum_axis1
zlib,625.0,462.0,628.8892799275529,Zipf-Mandelbrot (coverage-frequency),incidence_sum_axis1
zlib,626.0,461.0,628.8384054894502,Zipf-Mandelbrot (coverage-frequency),incidence_sum_axis1
zlib,627.0,461.0,628.7876051851555,Zipf-Mandelbrot (coverage-frequency),incidence_sum_axis1
zlib,628.0,454.0,628.7368788048918,Zipf-Mandelbrot (coverage-frequency),incidence_sum_axis1
zlib,629.0,292.0,628.6862261397634,Zipf-Mandelbrot (coverage-frequency),incidence_sum_axis1
zlib,630.0,292.0,628.6356469817499,Zipf-Mandelbrot (coverage-frequency),incidence_sum_axis1
zlib,631.0,292.0,628.585141123702,Zipf-Mandelbrot (coverage-frequency),incidence_sum_axis1
zlib,632.0,220.0,628.5347083593368,Zipf-Mandelbrot (coverage-frequency),incidence_sum_axis1
